{"cameraMode":{"drawMode":0,"name":"Shaded","section":"Shading Mode"},"sceneLighting":true,"audioPlay":false,"sceneViewState":{"m_AlwaysRefresh":false,"showFog":true,"showSkybox":true,"showFlares":true,"showImageEffects":true,"showParticleSystems":true,"showVisualEffectGraphs":true,"m_FxEnabled":true},"in2DMode":false,"pivot":{"x":-0.8988603949546814,"y":-1.5943318605422974,"z":-1.4048398733139039},"rotation":{"x":0.4134449362754822,"y":-0.06819915771484375,"z":0.031044337898492814,"w":0.9074673652648926},"size":4.28786563873291,"orthographic":false}